,text,movie_url,user_name,user_id,tweet_url,tweet_id,base_tweet_id,tweet_type,fav,rt,link,img_url
1,一晩で8発ものｾｲ●をそそがれる絶倫寝取り性ｺ●映像 https://t.co/VxwCYg59Hc,jhEPxf62puOEje7i.mp4,black_rose591,てつろう,https://twitter.com/black_rose591/status/1680397658991763456,1680397658991763456,1680397658991763456,parent,53,12,,
0,"詳細はこちら
https://t.co/OmDhq2uiIa",jhEPxf62puOEje7i.mp4,black_rose591,てつろう,https://twitter.com/black_rose591/status/1680397660904394753,1680397660904394753,1680397658991763456,child,3,0,https://al.dmm.co.jp/?lurl=https%3A%2F%2Fwww.dmm.co.jp%2Fdigital%2Fvideoa%2F-%2Fdetail%2F%3D%2Fcid%3Dipx00652%2F%3Fi3_ref%3Dsearch%26i3_ord%3D17%2F&af_id=eromovie2021-027&ch=link_tool&ch_id=link,
3,オフパコ大好きな欲求不満レイヤー https://t.co/vwuP2hTcd6,q_jqcDJVU9MreA5G.mp4,black_rose591,てつろう,https://twitter.com/black_rose591/status/1680458048098435073,1680458048098435073,1680458048098435073,parent,32,9,,
2,"詳細はこちら
https://t.co/wrGC9z3DQM",q_jqcDJVU9MreA5G.mp4,black_rose591,てつろう,https://twitter.com/black_rose591/status/1680458049860018176,1680458049860018176,1680458048098435073,child,1,0,https://al.dmm.co.jp/?lurl=https%3A%2F%2Fwww.dmm.co.jp%2Fdigital%2Fvideoa%2F-%2Fdetail%2F%3D%2Fcid%3D1sdmua00041%2F%3Fdmmref%3Dkeyword_4031%26i3_ref%3Dlist%26i3_ord%3D13%2F&af_id=eromovie2021-027&ch=link_tool&ch_id=link,
5,輪●された水泳部顧問Jカップ女教師 https://t.co/hWZOIkb3Cl,Jo6GPpDCzRw_jgxA.mp4,black_rose591,てつろう,https://twitter.com/black_rose591/status/1680503373051854848,1680503373051854848,1680503373051854848,parent,54,17,,
4,"詳細はこちら
https://t.co/wSZkfC1wgo",Jo6GPpDCzRw_jgxA.mp4,black_rose591,てつろう,https://twitter.com/black_rose591/status/1680503374947713030,1680503374947713030,1680503373051854848,child,2,1,https://al.dmm.co.jp/?lurl=https%3A%2F%2Fwww.dmm.co.jp%2Fdigital%2Fvideoa%2F-%2Fdetail%2F%3D%2Fcid%3Dssni00752%2F%3Fdmmref%3Ddigiprice1-head%2F&af_id=eromovie2021-027&ch=link_tool&ch_id=link,
7,噂のリンパマッサージ店の裏オプション https://t.co/NpNHNxKE6a,JB7-uLCrvp6tWFre.m3u8,black_rose591,てつろう,https://twitter.com/black_rose591/status/1680533552683974656,1680533552683974656,1680533552683974656,parent,61,16,,
6,"詳細はこちら
https://t.co/OJ46IzdBIR",JB7-uLCrvp6tWFre.m3u8,black_rose591,てつろう,https://twitter.com/black_rose591/status/1680533555146006528,1680533555146006528,1680533552683974656,child,2,0,https://al.dmm.co.jp/?lurl=https%3A%2F%2Fwww.dmm.co.jp%2Fdigital%2Fvideoa%2F-%2Fdetail%2F%3D%2Fcid%3D125umd00824%2F%3Fi3_ref%3Dsearch%26i3_ord%3D8%2F&af_id=eromovie2021-027&ch=link_tool&ch_id=link,
9,こんな爆乳に挟まれたい... https://t.co/LZOn4xASmA,lWZYiZPkjwICNrdp.mp4,black_rose591,てつろう,https://twitter.com/black_rose591/status/1680548664845168640,1680548664845168640,1680548664845168640,parent,36,8,,
8,"詳細はこちら
https://t.co/MtYnrCD15x",lWZYiZPkjwICNrdp.mp4,black_rose591,てつろう,https://twitter.com/black_rose591/status/1680548666954887168,1680548666954887168,1680548664845168640,child,1,0,https://al.dmm.co.jp/?lurl=https%3A%2F%2Fwww.dmm.co.jp%2Fdigital%2Fvideoa%2F-%2Fdetail%2F%3D%2Fcid%3Dssis00253%2F%3Fdmmref%3Dsale_sp_floor_videoa%26i3_ref%3Drecommend%26i3_ord%3D2%2F&af_id=eromovie2021-027&ch=link_tool&ch_id=link,
11,練習に集中できない部員を女子マネージャーが射ｾ●管理 https://t.co/uZzs7LBjlk,cUSC1rmPsOkHPGb6.m3u8,black_rose591,てつろう,https://twitter.com/black_rose591/status/1680563741350322177,1680563741350322177,1680563741350322177,parent,95,24,,
10,"詳細はこちら
https://t.co/Ll4ed8LEFZ",cUSC1rmPsOkHPGb6.m3u8,black_rose591,てつろう,https://twitter.com/black_rose591/status/1680563743888146435,1680563743888146435,1680563741350322177,child,4,0,https://al.dmm.co.jp/?lurl=https%3A%2F%2Fwww.dmm.co.jp%2Fdigital%2Fvideoa%2F-%2Fdetail%2F%3D%2Fcid%3D1sdde00571%2F%3Fdmmref%3Da7b036bc-9a8f4f0a4d9f58928c89ef3b0f00aaa0%26i3_ref%3Drecommend%26i3_ord%3D11%2F&af_id=eromovie2021-027&ch=link_tool&ch_id=link,
13,紳士服のふぇらやま https://t.co/ziT62WQQos,Lnhj0_vHt46iIDWd.mp4,black_rose591,てつろう,https://twitter.com/black_rose591/status/1680578851381071872,1680578851381071872,1680578851381071872,parent,62,14,,
12,"詳細はこちら
https://t.co/TAL5guwgNb",Lnhj0_vHt46iIDWd.mp4,black_rose591,てつろう,https://twitter.com/black_rose591/status/1680578855378255873,1680578855378255873,1680578851381071872,child,3,0,https://al.dmm.co.jp/?lurl=https%3A%2F%2Fwww.dmm.co.jp%2Fdigital%2Fvideoa%2F-%2Fdetail%2F%3D%2Fcid%3D1sdde00498%2F%3Fdmmref%3Da7b036bc-9a8f4f0a4d9f58928c89ef3b0f00aaa0%26i3_ref%3Drecommend%26i3_ord%3D6%2F&af_id=eromovie2021-027&ch=link_tool&ch_id=link,
15,電車の中で圧倒的な可愛さの制服女子を狙う卑屈な痴●集団 https://t.co/DKYZQur9Uh,yV2sBzJETqujzpJI.mp4,black_rose591,てつろう,https://twitter.com/black_rose591/status/1680593950808363008,1680593950808363008,1680593950808363008,parent,187,44,,
14,"詳細はこちら
https://t.co/yO1ix7EAkj",yV2sBzJETqujzpJI.mp4,black_rose591,てつろう,https://twitter.com/black_rose591/status/1680593955145277441,1680593955145277441,1680593950808363008,child,2,1,https://al.dmm.co.jp/?lurl=https%3A%2F%2Fwww.dmm.co.jp%2Fdigital%2Fvideoa%2F-%2Fdetail%2F%3D%2Fcid%3Dmidv00185%2F%3Fdmmref%3Dactress_1075464%26i3_ref%3Dlist%26i3_ord%3D3%2F&af_id=eromovie2021-027&ch=link_tool&ch_id=link,
17,淫乱でか尻奥様は僕達の性欲処理肉便器 https://t.co/NmW9vbOGTa,GZ0iisevLOmqpwjK.mp4,black_rose591,てつろう,https://twitter.com/black_rose591/status/1680609049061240832,1680609049061240832,1680609049061240832,parent,73,17,,
16,"詳細はこちら
https://t.co/TCqiZZgWhk",GZ0iisevLOmqpwjK.mp4,black_rose591,てつろう,https://twitter.com/black_rose591/status/1680609051129053184,1680609051129053184,1680609049061240832,child,3,0,https://al.dmm.co.jp/?lurl=https%3A%2F%2Fwww.dmm.co.jp%2Fdigital%2Fvideoa%2F-%2Fdetail%2F%3D%2Fcid%3Dflav00295%2F%3Fi3_ref%3Dsearch%26i3_ord%3D4%2F&af_id=eromovie2021-027&ch=link_tool&ch_id=link,
19,美少女と濃厚オヤジのべろちゅうフルコース https://t.co/PRnnnJ8CEB,hIcf2rW2VK4Bs4ay.mp4,black_rose591,てつろう,https://twitter.com/black_rose591/status/1680684542296993792,1680684542296993792,1680684542296993792,parent,32,8,,
18,"詳細はこちら
https://t.co/wDLVEjRWfi",hIcf2rW2VK4Bs4ay.mp4,black_rose591,てつろう,https://twitter.com/black_rose591/status/1680684545212030976,1680684545212030976,1680684542296993792,child,1,0,https://al.dmm.co.jp/?lurl=https%3A%2F%2Fwww.dmm.co.jp%2Fdigital%2Fvideoa%2F-%2Fdetail%2F%3D%2Fcid%3Dmidv00228%2F%3Fdmmref%3Dactress_1075464%26i3_ref%3Dlist%26i3_ord%3D2%2F&af_id=eromovie2021-027&ch=link_tool&ch_id=link,
21,僕の部屋がイジメっ子ギャルたちの溜まり場になってしまった https://t.co/s7BLtz8Eqb,TJJtbb4TXKINEzbM.m3u8,black_rose591,てつろう,https://twitter.com/black_rose591/status/1680760038569410562,1680760038569410562,1680760038569410562,parent,57,13,,
20,"詳細はこちら
https://t.co/DUjJjGRoHD",TJJtbb4TXKINEzbM.m3u8,black_rose591,てつろう,https://twitter.com/black_rose591/status/1680760043271237632,1680760043271237632,1680760038569410562,child,1,0,https://al.dmm.co.jp/?lurl=https%3A%2F%2Fwww.dmm.co.jp%2Fdigital%2Fvideoa%2F-%2Fdetail%2F%3D%2Fcid%3Dmird00220%2F%3Fi3_ref%3Dsearch%26i3_ord%3D4%2F&af_id=eromovie2021-027&ch=link_tool&ch_id=link,
23,このご時世に不謹慎な中だし大乱交 https://t.co/EzIKReGRf7,_El29GxmCNBZFHmX.mp4,black_rose591,てつろう,https://twitter.com/black_rose591/status/1680865764633620481,1680865764633620481,1680865764633620481,parent,53,14,,
22,"詳細はこちら
https://t.co/vRx3vy6Cht",_El29GxmCNBZFHmX.mp4,black_rose591,てつろう,https://twitter.com/black_rose591/status/1680865766642688000,1680865766642688000,1680865764633620481,child,3,0,https://al.dmm.co.jp/?lurl=https%3A%2F%2Fwww.dmm.co.jp%2Fdigital%2Fvideoa%2F-%2Fdetail%2F%3D%2Fcid%3Dh_1605stsk00046%2F%3Fdmmref%3Ddigiprice1-head%2F&af_id=eromovie2021-027&ch=link_tool&ch_id=link,
25,淫らな腰振りノーパン巨尻痴女 https://t.co/LgOhYD3F4N,TfMI8IDd0yEqcnj4.mp4,black_rose591,てつろう,https://twitter.com/black_rose591/status/1680895975517462530,1680895975517462530,1680895975517462530,parent,19,7,,
24,"詳細はこちら
https://t.co/BuRRrd7Wia",TfMI8IDd0yEqcnj4.mp4,black_rose591,てつろう,https://twitter.com/black_rose591/status/1680895977945985024,1680895977945985024,1680895975517462530,child,1,0,https://al.dmm.co.jp/?lurl=https%3A%2F%2Fwww.dmm.co.jp%2Fdigital%2Fvideoa%2F-%2Fdetail%2F%3D%2Fcid%3Djufd00365%2F&af_id=eromovie2021-027&ch=link_tool&ch_id=link,
27,Fカップの部活マネージャーが男子部員の性処理ペットに https://t.co/mEko3hxIU8,5B9pAOyNAbpEfTpx.mp4,black_rose591,てつろう,https://twitter.com/black_rose591/status/1680911070184239104,1680911070184239104,1680911070184239104,parent,105,23,,
26,"詳細はこちら
https://t.co/mj25cQqmK8",5B9pAOyNAbpEfTpx.mp4,black_rose591,てつろう,https://twitter.com/black_rose591/status/1680911072616919041,1680911072616919041,1680911070184239104,child,3,0,https://al.dmm.co.jp/?lurl=https%3A%2F%2Fwww.dmm.co.jp%2Fdigital%2Fvideoa%2F-%2Fdetail%2F%3D%2Fcid%3D1shn00067%2F&af_id=eromovie2021-027&ch=link_tool&ch_id=link,
29,"盛り上がるサポのアノ娘は。
興奮しすぎてサックいらずの中●しジャパン https://t.co/wjdUIqA39f",LcaCMgcht6PEGFeS.mp4,black_rose591,てつろう,https://twitter.com/black_rose591/status/1680926199298801668,1680926199298801668,1680926199298801668,parent,50,15,,
28,"詳細はこちら
https://t.co/fOjM8qzWIM",LcaCMgcht6PEGFeS.mp4,black_rose591,てつろう,https://twitter.com/black_rose591/status/1680926201928642560,1680926201928642560,1680926199298801668,child,1,0,https://al.dmm.co.jp/?lurl=https%3A%2F%2Fwww.dmm.co.jp%2Fdigital%2Fvideoa%2F-%2Fdetail%2F%3D%2Fcid%3Dh_792ghat00008%2F%3Fi3_ref%3Dsearch%26i3_ord%3D27%2F&af_id=eromovie2021-027&ch=link_tool&ch_id=link,
31,性格最悪だけどえっちは最高に上手いクズ元カレのパワー系絶倫ピストンに再び堕ちてしまい... https://t.co/ZF2h8eMx3M,o4gxlaFzNxRndztf.m3u8,black_rose591,てつろう,https://twitter.com/black_rose591/status/1680941247647842304,1680941247647842304,1680941247647842304,parent,210,48,,
30,"詳細はこちら
https://t.co/2P00XALPGY",o4gxlaFzNxRndztf.m3u8,black_rose591,てつろう,https://twitter.com/black_rose591/status/1680941249560457217,1680941249560457217,1680941247647842304,child,3,0,https://al.dmm.co.jp/?lurl=https%3A%2F%2Fwww.dmm.co.jp%2Fdigital%2Fvideoa%2F-%2Fdetail%2F%3D%2Fcid%3Dmvsd00526%2F%3Fi3_ref%3Dsearch%26i3_ord%3D7%2F&af_id=eromovie2021-027&ch=link_tool&ch_id=link,
33,とんでもなく可愛い女の子といやらしい照明の部屋で https://t.co/t0Cu9MTJBY,loPuvkaY4avqL_sB.mp4,black_rose591,てつろう,https://twitter.com/black_rose591/status/1680956351105863682,1680956351105863682,1680956351105863682,parent,132,22,,
32,"詳細はこちら
https://t.co/spyW2Kv2wM",loPuvkaY4avqL_sB.mp4,black_rose591,てつろう,https://twitter.com/black_rose591/status/1680956353077194753,1680956353077194753,1680956351105863682,child,3,0,https://al.dmm.co.jp/?lurl=https%3A%2F%2Fwww.dmm.co.jp%2Fdigital%2Fvideoc%2F-%2Fdetail%2F%3D%2Fcid%3Doreco184%2F&af_id=eromovie2021-027&ch=link_tool&ch_id=link,
35,宅のみ合コン中...気になる同士で別部屋に抜け出して... https://t.co/SjMmf90E5j,mD6ZQUEG3zRWvXC3.mp4,black_rose591,てつろう,https://twitter.com/black_rose591/status/1680971549124497408,1680971549124497408,1680971549124497408,parent,50,10,,
34,nan,mD6ZQUEG3zRWvXC3.mp4,black_rose591,てつろう,https://twitter.com/black_rose591/status/1680971551385198592,1680971551385198592,1680971549124497408,child,1,0,,
37,容赦ない子宮口ガン突きに連続アクメ https://t.co/mRFBYniGqx,K3u-0UXvioADOQb8.mp4,black_rose591,てつろう,https://twitter.com/black_rose591/status/1681046933853577216,1681046933853577216,1681046933853577216,parent,76,17,,
36,"詳細はこちら
https://t.co/1XAve13jzc",K3u-0UXvioADOQb8.mp4,black_rose591,てつろう,https://twitter.com/black_rose591/status/1681046936089149441,1681046936089149441,1681046933853577216,child,1,0,https://al.dmm.co.jp/?lurl=https%3A%2F%2Fwww.dmm.co.jp%2Fdigital%2Fvideoa%2F-%2Fdetail%2F%3D%2Fcid%3Dwaaa00173%2F%3Fdmmref%3Dseries_220245%26i3_ref%3Dlist%26i3_ord%3D5%2F&af_id=eromovie2021-027&ch=link_tool&ch_id=link,
40,僕の家がギャル達の溜まり場に... https://t.co/WlyBI6oREe,14-wQ22OHBXqsRa0.mp4,black_rose591,てつろう,https://twitter.com/black_rose591/status/1681122459557449729,1681122459557449729,1681122459557449729,parent,25,9,,
39,"詳細はこちら
https://t.co/UJqIyibXNc",14-wQ22OHBXqsRa0.mp4,black_rose591,てつろう,https://twitter.com/black_rose591/status/1681122462476668930,1681122462476668930,1681122459557449729,child,1,0,https://al.dmm.co.jp/?lurl=https%3A%2F%2Fwww.dmm.co.jp%2Fdigital%2Fvideoa%2F-%2Fdetail%2F%3D%2Fcid%3Debod00917%2F%3Fdmmref%3Ddigiprice1-head%2F&af_id=eromovie2021-027&ch=link_tool&ch_id=link,
42,"テレビの修理に行ったら。
奥さんが全裸で出てきた https://t.co/1zVUhjvnUJ",eAMMNtZcd7nzSnV9.m3u8,black_rose591,てつろう,https://twitter.com/black_rose591/status/1681182847456137216,1681182847456137216,1681182847456137216,parent,66,11,,
41,"詳細はこちら
https://t.co/nW8f2Ogphz",eAMMNtZcd7nzSnV9.m3u8,black_rose591,てつろう,https://twitter.com/black_rose591/status/1681182849809141760,1681182849809141760,1681182847456137216,child,2,1,https://al.dmm.co.jp/?lurl=https%3A%2F%2Fwww.dmm.co.jp%2Fdigital%2Fvideoa%2F-%2Fdetail%2F%3D%2Fcid%3D84umso00360%2F%3Fdmmref%3Ddigiprice1-head%2F&af_id=eromovie2021-027&ch=link_tool&ch_id=link,
44,チェックインからチェックアウトまで中●しセ●クスに明け暮れた最後のお泊りW不倫 https://t.co/HurM2NcmDE,3g2jYKeyiqv9ulp7.mp4,black_rose591,てつろう,https://twitter.com/black_rose591/status/1681228129690583042,1681228129690583042,1681228129690583042,parent,84,17,,
43,"詳細はこちら
https://t.co/MUpXiIy52C",3g2jYKeyiqv9ulp7.mp4,black_rose591,てつろう,https://twitter.com/black_rose591/status/1681228131729051648,1681228131729051648,1681228129690583042,child,1,0,https://al.dmm.co.jp/?lurl=https%3A%2F%2Fwww.dmm.co.jp%2Fdigital%2Fvideoa%2F-%2Fdetail%2F%3D%2Fcid%3Dh_113ss00148%2F%3Fdmmref%3Ddigiprice1-head%2F&af_id=eromovie2021-027&ch=link_tool&ch_id=link,
46,早漏改善クリニックで絶倫化したチ●ポをそのまま... https://t.co/24XCK16Oj3,3V1Dz9RxGNldwrsz.m3u8,black_rose591,てつろう,https://twitter.com/black_rose591/status/1681258367111794688,1681258367111794688,1681258367111794688,parent,42,7,,
45,"詳細はこちら
https://t.co/gn46Ya3ack",3V1Dz9RxGNldwrsz.m3u8,black_rose591,てつろう,https://twitter.com/black_rose591/status/1681258370093944832,1681258370093944832,1681258367111794688,child,2,0,https://al.dmm.co.jp/?lurl=https%3A%2F%2Fwww.dmm.co.jp%2Fdigital%2Fvideoa%2F-%2Fdetail%2F%3D%2Fcid%3D1stars00730%2F%3Fdmmref%3Dvideoa_top_pickup_sp%26i3_ref%3Drecommend%26i3_ord%3D2%2F&af_id=eromovie2021-027&ch=link_tool&ch_id=link,
48,うっとりするような美しいポーズで天使のような顔 https://t.co/yCGVTnN9pq,YPvNlXxZ4BngRDwX.m3u8,black_rose591,てつろう,https://twitter.com/black_rose591/status/1681273490610216960,1681273490610216960,1681273490610216960,parent,73,18,,
47,"詳細はこちら
https://t.co/p9yxXmMTPi",YPvNlXxZ4BngRDwX.m3u8,black_rose591,てつろう,https://twitter.com/black_rose591/status/1681273493592358912,1681273493592358912,1681273490610216960,child,1,0,https://al.dmm.co.jp/?lurl=https%3A%2F%2Fwww.dmm.co.jp%2Fdigital%2Fvideoa%2F-%2Fdetail%2F%3D%2Fcid%3Dssni00979%2F%3Fdmmref%3Ddigiprice1-head%2F&af_id=eromovie2021-027&ch=link_tool&ch_id=link,
50,イッてもイッても止まない追撃ピストンにエビ反り大痙●アクメ https://t.co/x0r4NBKPxq,8AOFn_g58Z7Gec9D.mp4,black_rose591,てつろう,https://twitter.com/black_rose591/status/1681288540947386368,1681288540947386368,1681288540947386368,parent,81,22,,
49,"詳細はこちら
https://t.co/j3j5wNLn68",8AOFn_g58Z7Gec9D.mp4,black_rose591,てつろう,https://twitter.com/black_rose591/status/1681288543170367488,1681288543170367488,1681288540947386368,child,1,0,https://al.dmm.co.jp/?lurl=https%3A%2F%2Fwww.dmm.co.jp%2Fdigital%2Fvideoc%2F-%2Fdetail%2F%3D%2Fcid%3Dshinki118%2F%3Fi3_ref%3Dsearch%26i3_ord%3D1%2F&af_id=eromovie2021-027&ch=link_tool&ch_id=link,
52,誰もが羨む生活を送っているように見える美人妻と... https://t.co/z2lT2Yvbw4,Fxy8O9p2szuiRj3d.mp4,black_rose591,てつろう,https://twitter.com/black_rose591/status/1681303619017252864,1681303619017252864,1681303619017252864,parent,40,10,,
51,"詳細はこちら
https://t.co/26csrTd9hO",Fxy8O9p2szuiRj3d.mp4,black_rose591,てつろう,https://twitter.com/black_rose591/status/1681303622276231168,1681303622276231168,1681303619017252864,child,1,0,https://al.dmm.co.jp/?lurl=https%3A%2F%2Fwww.dmm.co.jp%2Fdigital%2Fvideoa%2F-%2Fdetail%2F%3D%2Fcid%3Dofje00371%2F%3Fdmmref%3Drecommend13_floor_videoa_video%26i3_ref%3Drecommend%26i3_ord%3D4%2F&af_id=eromovie2021-027&ch=link_tool&ch_id=link,
54,汗臭いユニフォームと蒸れ蒸れスパッツで中●しS●X孕ませ... https://t.co/9vXe8gAXvg,EmYQ8LqTByYBv31g.m3u8,black_rose591,てつろう,https://twitter.com/black_rose591/status/1681318747724972033,1681318747724972033,1681318747724972033,parent,66,14,,
53,"詳細はこちら
https://t.co/RD9O7KJUYh",EmYQ8LqTByYBv31g.m3u8,black_rose591,てつろう,https://twitter.com/black_rose591/status/1681318752057720839,1681318752057720839,1681318747724972033,child,4,0,https://al.dmm.co.jp/?lurl=https%3A%2F%2Fwww.dmm.co.jp%2Fdigital%2Fvideoa%2F-%2Fdetail%2F%3D%2Fcid%3Dmyba00031%2F%3Fdmmref%3Dseries_220170%26i3_ref%3Dlist%26i3_ord%3D14%2F&af_id=eromovie2021-027&ch=link_tool&ch_id=link,
56,"我慢していた性欲を一気に開放し互いの肉体。
性器を貪欲に求め絶頂を深く味わう https://t.co/Hv1LFdBCVT",FEVbQIQxIalnZbSB.mp4,black_rose591,てつろう,https://twitter.com/black_rose591/status/1681333829687181313,1681333829687181313,1681333829687181313,parent,54,10,,
55,"詳細はこちら
https://t.co/HwbFnuR3wh",FEVbQIQxIalnZbSB.mp4,black_rose591,てつろう,https://twitter.com/black_rose591/status/1681333831624949760,1681333831624949760,1681333829687181313,child,2,1,https://al.dmm.co.jp/?lurl=https%3A%2F%2Fwww.dmm.co.jp%2Fdigital%2Fvideoa%2F-%2Fdetail%2F%3D%2Fcid%3Drmos00002%2F%3Fi3_ref%3Dsearch%26i3_ord%3D22%2F&af_id=eromovie2021-027&ch=link_tool&ch_id=link,
